{
  "improved_cnn": {
    "model": "Improved CNN",
    "val_accuracy": 0.971234142780304,
    "val_f1": 0.9712560753979493,
    "test_accuracy": 0.9737167358398438,
    "test_f1": 0.9737673435311297,
    "val_confusion_matrix": [
      [
        327,
        0,
        0,
        0,
        0,
        0,
        5,
        0,
        3,
        0
      ],
      [
        3,
        316,
        0,
        0,
        3,
        0,
        6,
        4,
        3,
        1
      ],
      [
        0,
        0,
        321,
        0,
        0,
        0,
        3,
        1,
        10,
        0
      ],
      [
        0,
        0,
        0,
        301,
        0,
        1,
        0,
        4,
        14,
        10
      ],
      [
        0,
        0,
        0,
        0,
        322,
        0,
        2,
        0,
        3,
        0
      ],
      [
        0,
        0,
        0,
        0,
        0,
        312,
        5,
        0,
        1,
        1
      ],
      [
        1,
        0,
        0,
        0,
        0,
        0,
        317,
        0,
        0,
        0
      ],
      [
        0,
        0,
        0,
        0,
        1,
        0,
        0,
        316,
        0,
        0
      ],
      [
        0,
        0,
        0,
        0,
        0,
        0,
        0,
        1,
        311,
        1
      ],
      [
        0,
        0,
        0,
        0,
        0,
        0,
        0,
        1,
        5,
        297
      ]
    ],
    "test_confusion_matrix": [
      [
        331,
        0,
        0,
        0,
        0,
        0,
        2,
        0,
        2,
        1
      ],
      [
        2,
        318,
        0,
        0,
        4,
        0,
        4,
        4,
        4,
        0
      ],
      [
        2,
        0,
        315,
        0,
        0,
        0,
        1,
        4,
        13,
        0
      ],
      [
        0,
        0,
        0,
        312,
        0,
        0,
        0,
        2,
        11,
        6
      ],
      [
        0,
        0,
        0,
        0,
        323,
        0,
        1,
        0,
        2,
        1
      ],
      [
        0,
        0,
        0,
        0,
        0,
        310,
        6,
        0,
        1,
        2
      ],
      [
        0,
        0,
        0,
        0,
        0,
        0,
        318,
        0,
        0,
        0
      ],
      [
        0,
        0,
        0,
        0,
        0,
        0,
        1,
        316,
        1,
        0
      ],
      [
        0,
        0,
        0,
        0,
        0,
        0,
        2,
        0,
        310,
        0
      ],
      [
        0,
        0,
        0,
        0,
        0,
        0,
        0,
        1,
        5,
        296
      ]
    ]
  }
}