{
  "model": "Baseline CNN",
  "val_accuracy": 0.9489638209342957,
  "val_f1": 0.9488630908348334,
  "test_accuracy": 0.948051929473877,
  "test_f1": 0.9477966812310555,
  "val_confusion_matrix": [
    [
      314,
      0,
      3,
      2,
      1,
      2,
      0,
      0,
      4,
      9
    ],
    [
      0,
      322,
      0,
      0,
      3,
      0,
      0,
      6,
      2,
      3
    ],
    [
      0,
      0,
      313,
      12,
      0,
      1,
      0,
      4,
      4,
      1
    ],
    [
      0,
      0,
      1,
      323,
      0,
      1,
      0,
      1,
      4,
      0
    ],
    [
      1,
      3,
      2,
      0,
      317,
      0,
      1,
      0,
      0,
      3
    ],
    [
      0,
      0,
      4,
      2,
      0,
      311,
      0,
      0,
      0,
      2
    ],
    [
      12,
      1,
      5,
      0,
      2,
      4,
      286,
      0,
      8,
      0
    ],
    [
      0,
      1,
      4,
      1,
      0,
      1,
      0,
      308,
      0,
      2
    ],
    [
      0,
      0,
      3,
      9,
      0,
      0,
      1,
      0,
      296,
      4
    ],
    [
      1,
      1,
      2,
      12,
      1,
      1,
      0,
      0,
      7,
      278
    ]
  ],
  "test_confusion_matrix": [
    [
      312,
      0,
      1,
      7,
      2,
      1,
      0,
      1,
      2,
      10
    ],
    [
      2,
      317,
      0,
      0,
      7,
      0,
      0,
      5,
      2,
      3
    ],
    [
      3,
      0,
      315,
      4,
      1,
      1,
      0,
      7,
      4,
      0
    ],
    [
      0,
      0,
      1,
      326,
      0,
      1,
      0,
      1,
      0,
      2
    ],
    [
      1,
      1,
      2,
      0,
      316,
      0,
      1,
      1,
      2,
      3
    ],
    [
      0,
      0,
      2,
      2,
      0,
      313,
      0,
      0,
      1,
      1
    ],
    [
      13,
      0,
      0,
      0,
      1,
      3,
      294,
      0,
      6,
      1
    ],
    [
      0,
      0,
      4,
      0,
      0,
      0,
      0,
      310,
      1,
      3
    ],
    [
      0,
      0,
      3,
      8,
      0,
      2,
      2,
      1,
      287,
      9
    ],
    [
      1,
      0,
      2,
      12,
      0,
      2,
      0,
      0,
      9,
      276
    ]
  ]
}