{
  "model": "HOG + Logistic Regression",
  "val_accuracy": 0.9248376121249613,
  "val_f1": 0.924287324068327,
  "test_accuracy": 0.9097093382807668,
  "test_f1": 0.9088303188046207,
  "val_confusion_matrix": [
    [
      311,
      1,
      3,
      1,
      1,
      1,
      10,
      0,
      3,
      4
    ],
    [
      1,
      319,
      0,
      0,
      6,
      0,
      1,
      0,
      2,
      7
    ],
    [
      1,
      2,
      321,
      1,
      1,
      1,
      1,
      5,
      0,
      2
    ],
    [
      2,
      0,
      6,
      291,
      0,
      14,
      1,
      2,
      9,
      5
    ],
    [
      2,
      8,
      4,
      0,
      299,
      0,
      6,
      2,
      4,
      2
    ],
    [
      1,
      0,
      0,
      8,
      0,
      302,
      1,
      4,
      2,
      1
    ],
    [
      3,
      3,
      1,
      1,
      2,
      4,
      295,
      1,
      6,
      2
    ],
    [
      0,
      2,
      2,
      1,
      5,
      0,
      1,
      304,
      0,
      2
    ],
    [
      2,
      3,
      2,
      7,
      3,
      1,
      2,
      0,
      285,
      8
    ],
    [
      6,
      6,
      3,
      8,
      4,
      1,
      0,
      3,
      9,
      263
    ]
  ],
  "test_confusion_matrix": [
    [
      318,
      3,
      1,
      1,
      0,
      0,
      4,
      0,
      3,
      6
    ],
    [
      4,
      319,
      1,
      0,
      6,
      0,
      1,
      1,
      0,
      4
    ],
    [
      2,
      2,
      307,
      4,
      2,
      0,
      1,
      8,
      4,
      5
    ],
    [
      3,
      0,
      4,
      295,
      0,
      5,
      2,
      4,
      8,
      10
    ],
    [
      4,
      9,
      1,
      0,
      297,
      0,
      10,
      1,
      1,
      4
    ],
    [
      0,
      1,
      1,
      4,
      0,
      297,
      7,
      3,
      3,
      3
    ],
    [
      4,
      2,
      4,
      1,
      4,
      3,
      293,
      0,
      5,
      2
    ],
    [
      0,
      0,
      2,
      1,
      2,
      5,
      1,
      301,
      0,
      6
    ],
    [
      9,
      4,
      1,
      11,
      2,
      4,
      11,
      2,
      257,
      11
    ],
    [
      7,
      2,
      4,
      17,
      1,
      3,
      1,
      1,
      8,
      258
    ]
  ]
}